{"cameraMode":{"drawMode":0,"name":"Shaded","section":"Shading Mode"},"sceneLighting":true,"audioPlay":false,"sceneViewState":{"showFog":true,"showMaterialUpdate":false,"showSkybox":true,"showFlares":true,"showImageEffects":true,"showParticleSystems":true},"in2DMode":false,"pivot":{"x":4.201681137084961,"y":2.498608112335205,"z":-7.352900505065918},"rotation":{"x":-0.00009482610039412975,"y":0.9873430132865906,"z":0.0005944272852502763,"w":0.15862375497817994},"size":9.311356544494629,"orthographic":false}